{
    "engine": {
        "model": "/home/models/models--DeepSeek-R1-0528",
        "model_path": "/home/models/models--DeepSeek-R1-0528",
        "engine_dir": "None",
        "revision": null,
        "version": "1.2",
        "backend": "Pytorch",
        "dtype": "bfloat16",
        "kv_cache_dtype": "FP8",
        "quantization": "FP8_BLOCK_SCALES"
    },
    "machine": {
        "name": "NVIDIA B200",
        "memory.total": 178.35107421875,
        "clocks.mem": 3.996
    },
    "world_info": {
        "tp_size": 8,
        "pp_size": 1,
        "ep_size": 1,
        "world_size": 8,
        "max_batch_size": 512,
        "max_num_tokens": 2048,
        "scheduling_policy": "GUARANTEED_NO_EVICT",
        "kv_cache_percentage": 0.8,
        "issue_rate": 2.2171992886e+17
    },
    "request_info": {
        "num_requests": 200,
        "avg_num_concurrent_requests": 30.070526470212165,
        "avg_input_length": 1024.0,
        "avg_output_length": 1024.0
    },
    "performance": {
        "total_latency_ms": 50240.782096999996,
        "avg_request_latency_ms": 7553.833839659999,
        "request_throughput_req_s": 3.9808297493032554,
        "system_output_throughput_tok_s": 4076.3696632865335,
        "system_total_throughput_tok_s": 8152.739326573067,
        "output_throughput_per_user_tok_s": 139.2003570615388,
        "output_throughput_per_gpu_tok_s": 509.5462079108167,
        "request_latency_percentiles_ms": {
            "p50": 7177.266111999999,
            "p90": 9608.536560999999,
            "p95": 10251.078988,
            "p99": 11658.884194999999,
            "minimum": 5055.507426,
            "maximum": 11662.64164,
            "average": 7553.833839659999
        }
    },
    "decoding_stats": {
        "mode": "MTP",
        "num_draft_tokens_percentiles": {
            "p50": 882.0,
            "p90": 1128.0,
            "p95": 1233.0,
            "p99": 1362.0,
            "minimum": 777.0,
            "maximum": 1383.0,
            "average": 920.28
        },
        "num_accepted_draft_tokens_percentiles": {
            "p50": 731.0,
            "p90": 759.0,
            "p95": 763.0,
            "p99": 764.0,
            "minimum": 563.0,
            "maximum": 765.0,
            "average": 717.24
        },
        "draft_acceptance_rate_percentiles": {
            "p50": 0.8316268486916951,
            "p90": 0.9547169811320755,
            "p95": 0.9744572158365262,
            "p99": 0.9794871794871794,
            "minimum": 0.40708604483007954,
            "maximum": 0.9845559845559846,
            "average": 0.8019896741987088
        },
        "acceptance_length_percentiles": {
            "p50": 3.4948805460750854,
            "p90": 3.8641509433962264,
            "p95": 3.9233716475095783,
            "p99": 3.9384615384615387,
            "minimum": 2.2212581344902387,
            "maximum": 3.9536679536679538,
            "average": 3.4059690225961265
        }
    },
    "dataset": {
        "isl_stats": {
            "p50": 1024.0,
            "p90": 1024.0,
            "p95": 1024.0,
            "p99": 1024.0,
            "minimum": 1024.0,
            "maximum": 1024.0,
            "average": 1024.0
        },
        "osl_stats": {
            "p50": 1024.0,
            "p90": 1024.0,
            "p95": 1024.0,
            "p99": 1024.0,
            "minimum": 1024.0,
            "maximum": 1024.0,
            "average": 1024.0
        },
        "seq_len_stats": {
            "p50": 2048.0,
            "p90": 2048.0,
            "p95": 2048.0,
            "p99": 2048.0,
            "minimum": 2048.0,
            "maximum": 2048.0,
            "average": 2048.0
        },
        "num_requests": 200,
        "dataset_path": "/home/ubuntu/zufa/ClaudeSkillsE2EPerf/results_b200_fp8_mtp3/dar_dataset_fp8_mtp3_ep1_chat.jsonl",
        "max_isl": 1024,
        "max_osl": 1024,
        "max_sequence_length": 2048,
        "avg_isl": 1024,
        "avg_osl": 1024,
        "avg_sequence_length": 2048
    }
}